,pop_est,continent,name,iso_a3,gdp_md_est,geometry,2015,2016,2017,2018,2019,coords
0,5347896.0,Europe,Norway,NOR,403336,"MULTIPOLYGON (((15.142820000000002 79.67431, 15.52255 80.01608, 16.990850000000002 80.05086, 18.25183 79.70175, 21.54383 78.95611, 19.02737 78.5626, 18.47172 77.82669, 17.59441 77.63796, 17.1182 76.80941, 15.91315 76.77045, 13.76259 77.38035, 14.669560000000002 77.73565, 13.1706 78.02493, 11.22231 78.8693, 10.44453 79.65239, 13.170770000000001 80.01046000000001, 13.71852 79.66039, 15.142820000000002 79.67431)), ((31.101042202597625 69.55810108805622, 29.399550000000033 69.15692000000013, 28.591929559043194 69.06477692328666, 29.015572950971972 69.76649119737799, 27.732292107867863 70.16419302029625, 26.179622023226244 69.82529897732614, 25.689212680776365 69.09211375596904, 24.735679152126725 68.64955678982146, 23.66204959483076 68.89124746365054, 22.356237827247412 68.84174144151491, 21.244936150810673 69.37044302029308, 20.645592889089528 69.10624726020087, 20.025268995857886 69.0651386583127, 19.878559604581255 68.40719432237258, 17.993868442464333 68.56739126247736, 17.729181756265348 68.01055186631628, 16.768878614985482 68.0139366726314, 16.108712192456778 67.30245555283689, 15.108411492583002 66.19386688909547, 13.55568973150909 64.78702769638151, 13.919905226302204 64.44542064071608, 13.571916131248713 64.04911408146971, 12.579935336973934 64.06621898055833, 11.930569288794231 63.12831757267698, 11.992064243221563 61.80036245385655, 12.631146681375185 61.293571682370136, 12.3003658382749 60.11793284773003, 11.468271925511146 59.43239329694604, 11.027368605196868 58.85614940045936, 10.356556837616067 59.469807033925356, 8.382000359743586 58.313288479233215, 7.048748406613271 58.078884182357285, 5.665835402050419 58.5881554225937, 5.308234490590678 59.663231919993834, 4.992078077828978 61.97099803328432, 5.912900424837886 62.614472968182724, 8.553411085655739 63.45400828719648, 10.527709181366758 64.4860383164975, 12.358346795306373 65.87972585719318, 14.761145867581604 67.81064158799516, 16.435927361728943 68.56320547146173, 19.18402835457846 69.81744415961778, 21.378416375420585 70.2551693793461, 23.023742303161526 70.2020718451662, 24.546543409938465 71.03049673123722, 26.37004967622181 70.98626170519539, 28.165547316202943 71.18547435168055, 31.293418409965454 70.4537877468599, 30.005435011522792 70.18625885688489, 31.101042202597625 69.55810108805622)), ((27.407505730913446 80.05640574820042, 25.92465050629815 79.51783397085451, 23.024465773213617 79.40001170522903, 20.075188429451828 79.56682322866722, 19.897266473070914 79.84236196564747, 18.462263624757867 79.85988027619443, 17.368015170977458 80.31889618602698, 20.45599205901064 80.59815562613225, 21.907944777115404 80.35767934846204, 22.91925255706738 80.65714427359343, 25.447625359811866 80.40734039989452, 27.407505730913446 80.05640574820042)), ((24.724120000000003 77.85385, 22.490320000000004 77.44493, 20.726010000000002 77.67704, 21.416110000000003 77.93504, 20.8119 78.25463, 22.884259999999998 78.45494000000001, 23.281340000000004 78.07954, 24.724120000000003 77.85385)))",4.0,4.0,1.0,2.0,3.0,"(22.682486462200686, 79.95814301219743)"
1,67059887.0,Europe,France,FRA,2715518,"MULTIPOLYGON (((-51.65779741067889 4.156232408053029, -52.249337531123956 3.241094468596245, -52.55642473001842 2.504705308437053, -52.939657151894956 2.1248576928756364, -53.41846513529531 2.0533891870159806, -53.554839240113544 2.334896551925951, -53.77852067728892 2.3767027856500818, -54.08806250671725 2.105556545414629, -54.524754197799716 2.3118488631237852, -54.2697051662232 2.7323916691150463, -54.181726040246275 3.1897797713304215, -54.00693050801901 3.6200377465925584, -54.399542202356514 4.212611395683467, -54.47863298197923 4.896755682795586, -53.9580446030709 5.756548163267765, -53.618452928264844 5.6465290389183735, -52.88214128275409 5.409850979021584, -51.8233428615259 4.565768133966131, -51.65779741067889 4.156232408053029)), ((6.186320428094177 49.463802802114515, 6.658229607783568 49.20195831969157, 8.099278598674744 49.01778351500333, 7.593676385131062 48.33301911070372, 7.466759067422231 47.62058197691181, 7.192202182655507 47.44976552997102, 6.736571079138059 47.541801255882845, 6.768713820023606 47.2877082383037, 6.037388950229001 46.725778713561866, 6.022609490593538 46.27298981382047, 6.5000997249704255 46.42967275652944, 6.843592970414505 45.99114655210061, 6.802355177445605 45.70857982032864, 7.096652459347837 45.33309886329589, 6.749955275101655 45.02851797136758, 7.007562290076635 44.25476675066136, 7.549596388386107 44.12790110938481, 7.435184767291872 43.69384491634922, 6.52924523278304 43.128892320318315, 4.556962517931424 43.399650987311595, 3.1004105973526634 43.075200507167054, 2.9859989762584576 42.47301504166986, 1.8267932470871528 42.34338471126569, 0.7015906103638941 42.795734361332606, 0.3380469091905809 42.57954600683955, -1.502770961910528 43.03401439063043, -1.901351284177764 43.42280202897834, -1.384225226232985 44.022610378590116, -1.1937975732374184 46.01491771095486, -2.2257242496738456 47.06436269793822, -2.9632761295596026 47.57032664650795, -4.4915549381594815 47.954954332056374, -4.592349819344776 48.68416046812699, -3.295813971357802 48.90169240985963, -1.6165107893849608 48.64442129169454, -1.933494025063311 49.776341864615745, -0.98946895995536 49.34737580016091, 1.3387610205226963 50.12717316344526, 1.6390010921384996 50.9466063502975, 2.5135730322461427 51.14850617126183, 2.658422071960274 50.796848049515745, 3.1232515804256877 50.78036326761455, 3.588184441755658 50.37899241800356, 4.2860229834250845 49.907496649772554, 4.799221632515724 49.98537303323637, 5.674051954784829 49.529483547557504, 5.897759230176348 49.44266714130711, 6.186320428094177 49.463802802114515)), ((8.746009148807559 42.62812185319392, 9.390000848028876 43.00998484961471, 9.560016310269134 42.15249197037952, 9.229752231491773 41.380006822264455, 8.775723097375362 41.58361196549443, 8.544212680707773 42.25651662858306, 8.746009148807559 42.62812185319392)))",29.0,32.0,31.0,23.0,24.0,"(2.099228142939435, 46.895070705750044)"
2,10285453.0,Europe,Sweden,SWE,530883,"POLYGON ((11.027368605196868 58.85614940045936, 11.468271925511146 59.43239329694604, 12.3003658382749 60.11793284773003, 12.631146681375185 61.293571682370136, 11.992064243221563 61.80036245385655, 11.930569288794231 63.12831757267698, 12.579935336973934 64.06621898055833, 13.571916131248713 64.04911408146971, 13.919905226302204 64.44542064071608, 13.55568973150909 64.78702769638151, 15.108411492583002 66.19386688909547, 16.108712192456778 67.30245555283689, 16.768878614985482 68.0139366726314, 17.729181756265348 68.01055186631628, 17.993868442464333 68.56739126247736, 19.878559604581255 68.40719432237258, 20.025268995857886 69.0651386583127, 20.645592889089528 69.10624726020087, 21.978534783626117 68.6168456081807, 23.53947309743444 67.93600861273525, 23.565879754335583 66.39605093043743, 23.903378533633802 66.00692739527962, 22.18317345550193 65.72374054632017, 21.21351687997722 65.02600535751527, 21.369631381930958 64.41358795842429, 19.77887576669022 63.60955434839504, 17.84777916837521 62.74940013289681, 17.119554884518124 61.34116567651097, 17.83134606290639 60.63658336042741, 18.78772179533209 60.081914374422595, 17.86922488777634 58.9537661810587, 16.829185011470088 58.71982697207339, 16.447709588291474 57.041118069071885, 15.879785597403783 56.10430186626866, 14.666681349352075 56.200885118222175, 14.100721062891465 55.40778107362265, 12.942910597392057 55.36173737245058, 12.625100538797028 56.30708018658197, 11.787942335668674 57.44181712506307, 11.027368605196868 58.85614940045936))",8.0,10.0,9.0,9.0,7.0,"(14.786243427055595, 62.27488129337668)"
3,9466856.0,Europe,Belarus,BLR,63080,"POLYGON ((28.17670942557794 56.16912995057879, 29.229513380660308 55.91834422466636, 29.371571893030673 55.670090643936184, 29.896294386522356 55.78946320253041, 30.87390913262001 55.55097646750341, 30.971835971813135 55.08154775656404, 30.75753380709872 54.81177094178432, 31.38447228366374 54.15705638286238, 31.79142418796224 53.974638576872124, 31.731272820774507 53.79402944601202, 32.405598585751164 53.61804535584204, 32.69364301934604 53.35142080343218, 32.30451948418823 53.13272614197291, 31.49763999999999 53.16743000000014, 31.305200636528014 53.07399587667321, 31.54001834486226 52.74205231384636, 31.785970000000077 52.1016800000001, 31.78599244755525 52.1016775699397, 30.927549269338982 52.04235342061439, 30.619454380014815 51.822806098022454, 30.555117221811457 51.31950348571566, 30.157363722460897 51.41613841410147, 29.25493818534784 51.36823436136689, 28.992835320763533 51.602044379271476, 28.61761274589225 51.42771393493484, 28.24161502453657 51.57222707783907, 27.454066196408405 51.592303371784396, 26.337958611768556 51.83228872334797, 25.32778771332701 51.91065603291855, 24.553106316839518 51.888461005249184, 24.00507775238418 51.617443956094405, 23.52707075368437 51.57845408793031, 23.508002150168693 52.02364655212473, 23.199493849386187 52.48697744405367, 23.79919884613338 52.69109935160657, 23.80493493011778 53.089731350306074, 23.527535841575002 53.470121568406555, 23.48412763844985 53.91249766704114, 24.450683628037037 53.905702216194754, 25.536353794056993 54.28242340760253, 25.7684326514798 54.84696259217509, 26.58827924979039 55.16717560487167, 26.494331495883756 55.615106919977634, 27.10245975109453 55.783313707087686, 28.17670942557794 56.16912995057879))",59.0,61.0,67.0,73.0,81.0,"(27.78641113896777, 53.70603740092703)"
4,44385155.0,Europe,Ukraine,UKR,153781,"POLYGON ((31.78599244755525 52.1016775699397, 32.15944000000013 52.06125000000014, 32.41205813978769 52.28869497334978, 32.715760532367085 52.23846548116211, 33.75269982273579 52.3350745713318, 34.39173058445709 51.768881740925906, 34.141978387190534 51.566413479206346, 34.22481570815427 51.25599315042888, 35.02218305841791 51.2075723333715, 35.377909999999986 50.773940000000096, 35.356116163887975 50.57719737405904, 36.62616784032542 50.225590928745135, 37.39345950699516 50.38395335550365, 38.01063113785693 49.9156615260747, 38.59498823421342 49.9264619004237, 40.06904000000014 49.60104999999999, 40.080789015469406 49.30742991799934, 39.674649999999986 48.78382000000016, 39.89562000000018 48.23241000000007, 39.738277622238854 47.89893707945197, 38.77057000000008 47.825620000000185, 38.25511233902978 47.54640045835691, 38.223538038899335 47.10218984637595, 37.4251371599899 47.02222056740419, 36.75985477066445 46.69870026304102, 35.82368452326489 46.64596446388714, 34.96234174982385 46.27319651954974, 35.01265897004737 45.73772519982549, 34.861792128174045 45.76818243191957, 34.73201738827845 45.96566573176062, 34.41040172853718 46.005162391728845, 33.69946184910907 46.219572831556434, 33.435988094713366 45.971917370797485, 33.29856733575474 46.08059845639781, 31.744140252415207 46.33334788673733, 31.67530724460255 46.70624502215554, 30.74874881360921 46.583100084004116, 30.377608676888883 46.03241018328572, 29.603289015427436 45.293308010431126, 29.149724969201653 45.464925442072456, 28.67977949393938 45.304030870131704, 28.23355350109904 45.48828318946829, 28.485269402792767 45.5969070501459, 28.65998742037158 45.93998688413164, 28.933717482221596 46.25883047137256, 28.862972446414062 46.43788930926383, 29.07210696789929 46.517677720722496, 29.170653924279804 46.37926239682872, 29.759971958136394 46.34998769793536, 30.024658644335375 46.42393667254504, 29.838210076626297 46.52532583270169, 29.908851759569302 46.67436066343146, 29.559674106573112 46.928582872091326, 29.415135125452736 47.34664520933258, 29.05086795422727 47.5102269557525, 29.12269819511303 47.849095160506465, 28.670891147585166 48.1181485052341, 28.259546746541844 48.15556224221342, 27.522537469195157 48.467119452501116, 26.857823520624805 48.368210761094495, 26.619336785597795 48.22072622333347, 26.19745039236693 48.22088125263035, 25.9459411964024 47.987148749374214, 25.20774336111299 47.89105642352747, 24.866317172960578 47.737525743188314, 24.40205610525038 47.98187775328043, 23.76095828623741 47.985598456405455, 23.142236362406805 48.09634105080695, 22.710531447040495 47.88219391538941, 22.640819939878725 48.150239569687415, 22.085608351334855 48.42226430927179, 22.28084191253356 48.82539215758067, 22.558137648211755 49.085738023467144, 22.776418898212626 49.02739533140962, 22.518450148211603 49.47677358661974, 23.426508416444392 50.30850576435745, 23.92275719574326 50.42488108987874, 24.029985792748903 50.70540660257518, 23.52707075368437 51.57845408793031, 24.00507775238418 51.617443956094405, 24.553106316839518 51.888461005249184, 25.32778771332701 51.91065603291855, 26.337958611768556 51.83228872334797, 27.454066196408405 51.592303371784396, 28.24161502453657 51.57222707783907, 28.61761274589225 51.42771393493484, 28.992835320763533 51.602044379271476, 29.25493818534784 51.36823436136689, 30.157363722460897 51.41613841410147, 30.555117221811457 51.31950348571566, 30.619454380014815 51.822806098022454, 30.927549269338982 52.04235342061439, 31.78599244755525 52.1016775699397))",111.0,123.0,132.0,138.0,133.0,"(30.980774020171626, 48.804606078790414)"
5,37970874.0,Europe,Poland,POL,595858,"POLYGON ((23.48412763844985 53.91249766704114, 23.527535841575002 53.470121568406555, 23.80493493011778 53.089731350306074, 23.79919884613338 52.69109935160657, 23.199493849386187 52.48697744405367, 23.508002150168693 52.02364655212473, 23.52707075368437 51.57845408793031, 24.029985792748903 50.70540660257518, 23.92275719574326 50.42488108987874, 23.426508416444392 50.30850576435745, 22.518450148211603 49.47677358661974, 22.776418898212626 49.02739533140962, 22.558137648211755 49.085738023467144, 21.607808058364213 49.47010732685409, 20.887955356538413 49.32877228453583, 20.415839471119853 49.43145335549977, 19.825022820726872 49.21712535256923, 19.320712517990472 49.571574001659194, 18.90957482267632 49.435845852244576, 18.853144158613617 49.49622976337764, 18.392913852622172 49.98862864847075, 17.64944502123899 50.049038397819956, 17.55456709155112 50.36214590107642, 16.86876915860566 50.47397370055603, 16.719475945714436 50.21574656839354, 16.176253289462267 50.42260732685791, 16.23862674323857 50.69773265237984, 15.490972120839729 50.78472992614321, 15.01699588385867 51.10667409932158, 14.607098422919535 51.74518809671997, 14.685026482815687 52.0899474147552, 14.437599725002201 52.62485016540839, 14.074521111719434 52.98126251892535, 14.353315463934138 53.24817129171297, 14.119686313542559 53.75702912049104, 14.802900424873458 54.05070628520575, 16.36347700365573 54.513158677785725, 17.622831658608675 54.85153595643291, 18.62085859546164 54.68260569927078, 18.696254510175464 54.43871877706929, 19.660640089606403 54.42608388937393, 20.892244500418627 54.31252492941253, 22.731098667092652 54.327536932993326, 23.24398725758951 54.22056671814914, 23.48412763844985 53.91249766704114))",60.0,57.0,46.0,42.0,40.0,"(19.076267455907114, 51.88441732442235)"
6,8877067.0,Europe,Austria,AUT,445075,"POLYGON ((16.979666782304037 48.123497015976305, 16.90375410326726 47.71486562762833, 16.340584344150415 47.71290192320123, 16.534267612380376 47.49617096616912, 16.202298211337364 46.85238597267696, 16.011663852612656 46.6836107448117, 15.137091912504985 46.65870270444703, 14.63247155117483 46.43181732846955, 13.806475457421527 46.509306138691215, 12.376485223040817 46.76755910906985, 12.153088006243054 47.11539317482645, 11.16482791509327 46.94157949481273, 11.048555942436536 46.75135854754634, 10.44270145024663 46.89354625099743, 9.932448357796659 46.92072805438296, 9.479969516649021 47.102809963563374, 9.632931756232978 47.34760122332999, 9.59422610844635 47.52505809182027, 9.89606814946319 47.580196845075704, 10.402083774465211 47.30248769793916, 10.544504021861599 47.5663992376538, 11.426414015354737 47.523766181012974, 12.141357456112788 47.703083401065776, 12.620759718484493 47.67238760028441, 12.932626987365948 47.467645575544, 13.02585127122049 47.63758352313583, 12.884102817443875 48.28914581968786, 13.243357374737 48.416114813829054, 13.595945672264437 48.87717194273715, 14.338897739324722 48.55530528420721, 14.901447381254057 48.964401760445824, 15.253415561593982 49.03907420510758, 16.02964725105022 48.73389903420793, 16.499282667718774 48.78580801044511, 16.960288120194576 48.5969823268506, 16.879982944413 48.47001333270947, 16.979666782304037 48.123497015976305))",13.0,12.0,13.0,12.0,10.0,"(14.953149823900707, 47.91918132180231)"
7,9769949.0,Europe,Hungary,HUN,163469,"POLYGON ((22.085608351334855 48.42226430927179, 22.640819939878725 48.150239569687415, 22.710531447040495 47.88219391538941, 22.099767693782837 47.6724392767167, 21.626514926853872 46.99423777931816, 21.02195234547125 46.3160879583519, 20.220192498462836 46.127468980486555, 19.596044549241583 46.17172984474454, 18.82983808764996 45.90887767189193, 18.829824792873946 45.908872358025285, 18.45606245288286 45.75948110613615, 17.630066359129557 45.95176911069419, 16.8825150895953 46.38063182228444, 16.564808383864857 46.50375092221983, 16.370504998447416 46.841327216166505, 16.202298211337364 46.85238597267696, 16.534267612380376 47.49617096616912, 16.340584344150415 47.71290192320123, 16.90375410326726 47.71486562762833, 16.979666782304037 48.123497015976305, 17.48847293464982 47.867466132186216, 17.857132602620027 47.75842886005037, 18.696512892336926 47.880953681014404, 18.77702477384767 48.081768296900634, 19.17436486173989 48.11137889260387, 19.661363559658497 48.26661489520866, 19.769470656013112 48.202691148463614, 20.239054396249347 48.32756724709692, 20.473562045989866 48.562850043321816, 20.801293979584926 48.623854071642384, 21.872236362401736 48.31997081155002, 22.085608351334855 48.42226430927179))",104.0,91.0,75.0,69.0,62.0,"(19.103248422838412, 47.24520437274364)"
8,2657637.0,Europe,Moldova,MDA,11968,"POLYGON ((26.619336785597795 48.22072622333347, 26.857823520624805 48.368210761094495, 27.522537469195157 48.467119452501116, 28.259546746541844 48.15556224221342, 28.670891147585166 48.1181485052341, 29.12269819511303 47.849095160506465, 29.05086795422727 47.5102269557525, 29.415135125452736 47.34664520933258, 29.559674106573112 46.928582872091326, 29.908851759569302 46.67436066343146, 29.838210076626297 46.52532583270169, 30.024658644335375 46.42393667254504, 29.759971958136394 46.34998769793536, 29.170653924279804 46.37926239682872, 29.07210696789929 46.517677720722496, 28.862972446414062 46.43788930926383, 28.933717482221596 46.25883047137256, 28.65998742037158 45.93998688413164, 28.485269402792767 45.5969070501459, 28.23355350109904 45.48828318946829, 28.0544429867754 45.944586086605625, 28.160017937947714 46.37156260841722, 28.128030226359044 46.810476386088254, 27.551166212684848 47.40511709247083, 27.233872918412743 47.82677094175638, 26.924176059687568 48.123264472030996, 26.619336785597795 48.22072622333347))",52.0,55.0,56.0,67.0,71.0,"(28.649038458877627, 47.13761404071195)"
9,19356544.0,Europe,Romania,ROU,250077,"POLYGON ((28.23355350109904 45.48828318946829, 28.67977949393938 45.304030870131704, 29.149724969201653 45.464925442072456, 29.603289015427436 45.293308010431126, 29.62654340995877 45.0353909368624, 29.141611769331835 44.820210272799045, 28.8378577003202 44.913873806328056, 28.558081495891997 43.70746165625813, 27.970107049275075 43.81246816667522, 27.242399529740908 44.175986029632405, 26.065158725699746 43.94349376075127, 25.569271681426926 43.68844472917472, 24.100679152124172 43.74105133724785, 23.332302280376325 43.897010809904714, 22.944832391051847 43.82378530534713, 22.65714969248299 44.23492300066128, 22.4740084164406 44.40922760678177, 22.705725538837356 44.57800283464702, 22.459022251075936 44.7025171982543, 22.14508792490281 44.47842234962059, 21.56202273935361 44.7689472519655, 21.48352623870221 45.18117015235788, 20.874312778413355 45.416375433934235, 20.762174920339987 45.734573065771485, 20.220192498462836 46.127468980486555, 21.02195234547125 46.3160879583519, 21.626514926853872 46.99423777931816, 22.099767693782837 47.6724392767167, 22.710531447040495 47.88219391538941, 23.142236362406805 48.09634105080695, 23.76095828623741 47.985598456405455, 24.40205610525038 47.98187775328043, 24.866317172960578 47.737525743188314, 25.20774336111299 47.89105642352747, 25.9459411964024 47.987148749374214, 26.19745039236693 48.22088125263035, 26.619336785597795 48.22072622333347, 26.924176059687568 48.123264472030996, 27.233872918412743 47.82677094175638, 27.551166212684848 47.40511709247083, 28.128030226359044 46.810476386088254, 28.160017937947714 46.37156260841722, 28.0544429867754 45.944586086605625, 28.23355350109904 45.48828318946829))",86.0,71.0,57.0,52.0,48.0,"(24.2116924300108, 46.03602753354609)"
10,2786844.0,Europe,Lithuania,LTU,54627,"POLYGON ((26.494331495883756 55.615106919977634, 26.58827924979039 55.16717560487167, 25.7684326514798 54.84696259217509, 25.536353794056993 54.28242340760253, 24.450683628037037 53.905702216194754, 23.48412763844985 53.91249766704114, 23.24398725758951 54.22056671814914, 22.731098667092652 54.327536932993326, 22.65105187347254 54.582740993866736, 22.75776370615526 54.85657440858138, 22.315723504330577 55.015298570365864, 21.268448927503467 55.190481675835315, 21.055800408622417 56.031076361711065, 22.201156853939494 56.33780182557949, 23.878263787539964 56.27367137310527, 24.86068444184076 56.37252838807963, 25.000934279080894 56.16453074810484, 25.533046502390334 56.100296942766036, 26.494331495883756 55.615106919977634))",56.0,60.0,52.0,50.0,42.0,"(24.127801340727693, 55.091237087618765)"
11,1912789.0,Europe,Latvia,LVA,34102,"POLYGON ((27.288184848751513 57.47452830670383, 27.77001590344093 57.24425812441123, 27.855282016722526 56.75932648378429, 28.17670942557794 56.16912995057879, 27.10245975109453 55.783313707087686, 26.494331495883756 55.615106919977634, 25.533046502390334 56.100296942766036, 25.000934279080894 56.16453074810484, 24.86068444184076 56.37252838807963, 23.878263787539964 56.27367137310527, 22.201156853939494 56.33780182557949, 21.055800408622417 56.031076361711065, 21.090423618257972 56.78387278912294, 21.581866489353672 57.411870632549935, 22.52434126149288 57.75337433535076, 23.318452996522097 57.00623647727487, 24.12072960785343 57.02569265403277, 24.312862583114622 57.79342357037697, 25.16459354014927 57.97015696881519, 25.60280968598437 57.84752879498657, 26.463532342237787 57.47638865826633, 27.288184848751513 57.47452830670383))",89.0,68.0,54.0,53.0,53.0,"(24.504423151312388, 56.8950546331989)"
12,1326590.0,Europe,Estonia,EST,31471,"POLYGON ((27.981126857000987 59.47537333432527, 27.981120000000033 59.47537000000011, 28.13169925305175 59.300825100330925, 27.42015000000015 58.72457000000014, 27.71668582531572 57.79189911562436, 27.288184848751513 57.47452830670383, 26.463532342237787 57.47638865826633, 25.60280968598437 57.84752879498657, 25.16459354014927 57.97015696881519, 24.312862583114622 57.79342357037697, 24.42892785004216 58.38341339785329, 24.061198357853186 58.25737457949341, 23.426560092876684 58.612753404364625, 23.339795363058645 59.187240302153384, 24.604214308376186 59.46585378685502, 25.86418908051664 59.61109039981133, 26.949135776484525 59.445803331125774, 27.981114129353244 59.475388088612874, 27.981126857000987 59.47537333432527))",73.0,72.0,66.0,63.0,55.0,"(25.561749208965438, 58.49808340110896)"
13,83132799.0,Europe,Germany,DEU,3861123,"POLYGON ((14.119686313542559 53.75702912049104, 14.353315463934138 53.24817129171297, 14.074521111719434 52.98126251892535, 14.437599725002201 52.62485016540839, 14.685026482815687 52.0899474147552, 14.607098422919535 51.74518809671997, 15.01699588385867 51.10667409932158, 14.570718214586066 51.002339382524276, 14.307013380600637 51.117267767941414, 14.056227654688172 50.9269176295943, 13.338131951560285 50.73323436136435, 12.966836785543194 50.484076443069085, 12.240111118222558 50.266337795607285, 12.415190870827445 49.96912079528057, 12.521024204161193 49.547415269562734, 13.031328973043431 49.30706818297324, 13.595945672264437 48.87717194273715, 13.243357374737 48.416114813829054, 12.884102817443875 48.28914581968786, 13.02585127122049 47.63758352313583, 12.932626987365948 47.467645575544, 12.620759718484493 47.67238760028441, 12.141357456112788 47.703083401065776, 11.426414015354737 47.523766181012974, 10.544504021861599 47.5663992376538, 10.402083774465211 47.30248769793916, 9.89606814946319 47.580196845075704, 9.59422610844635 47.52505809182027, 8.522611932009767 47.83082754169129, 8.317301466514095 47.61357982033627, 7.466759067422231 47.62058197691181, 7.593676385131062 48.33301911070372, 8.099278598674744 49.01778351500333, 6.658229607783568 49.20195831969157, 6.186320428094177 49.463802802114515, 6.242751092156993 49.90222565367873, 6.043073357781111 50.128051662794235, 6.15665815595878 50.80372101501058, 5.988658074577813 51.851615709025054, 6.589396599970826 51.852029120483394, 6.842869500362383 52.22844025329755, 7.092053256873896 53.144043280644894, 6.905139601274129 53.48216217713065, 7.100424838905269 53.69393219666267, 7.936239454793963 53.74829580343379, 8.121706170289485 53.52779246684429, 8.800734490604668 54.020785630908904, 8.57211795414537 54.39564647075406, 8.526229282270208 54.96274363872516, 9.282048780971138 54.830865383516176, 9.921906365609118 54.98310415304803, 9.9395797054529 54.596641954153256, 10.950112338920519 54.363607082733154, 10.93946699386845 54.00869334575259, 11.956252475643282 54.19648550070116, 12.518440382546714 54.470370591847995, 13.647467075259499 54.0755109727059, 14.119686313542559 53.75702912049104))",26.0,16.0,16.0,15.0,17.0,"(10.432351054415541, 51.43122793233069)"
14,6975761.0,Europe,Bulgaria,BGR,68558,"POLYGON ((22.65714969248299 44.23492300066128, 22.944832391051847 43.82378530534713, 23.332302280376325 43.897010809904714, 24.100679152124172 43.74105133724785, 25.569271681426926 43.68844472917472, 26.065158725699746 43.94349376075127, 27.242399529740908 44.175986029632405, 27.970107049275075 43.81246816667522, 28.558081495891997 43.70746165625813, 28.03909508638472 43.293171698574184, 27.67389773937805 42.57789236100622, 27.99672041190539 42.00735871028779, 27.13573937349048 42.14148489030134, 26.1170418637208 41.82690460872456, 26.106138136507127 41.32889883072784, 25.197201368925448 41.23448598893053, 24.492644891057978 41.58389618587205, 23.692073601992348 41.309080918943856, 22.952377150166452 41.33799388281115, 22.881373732197346 41.999297186850356, 22.380525750424592 42.32025950781509, 22.54501183440962 42.46136200618804, 22.43659467946128 42.580321153323936, 22.60480146657133 42.898518785161144, 22.986018507588483 43.2111612005271, 22.500156691180223 43.642814439461006, 22.410446404721597 44.008063462899955, 22.65714969248299 44.23492300066128))",134.0,129.0,105.0,100.0,97.0,"(25.138533162759185, 42.73941996924254)"
15,10716322.0,Europe,Greece,GRC,209852,"MULTIPOLYGON (((26.290002882601698 35.29999034274793, 26.16499759288766 35.00499542900977, 24.724982130642303 34.91998769788964, 24.735007358506916 35.08499054619759, 23.51497846852808 35.27999156345098, 23.699980096133004 35.70500438083549, 24.246665073348705 35.368022365860185, 25.02501549652891 35.42499563246197, 25.769207797964185 35.35401805270908, 25.745023227651586 35.1799976669662, 26.290002882601698 35.29999034274793)), ((22.952377150166452 41.33799388281115, 23.692073601992348 41.309080918943856, 24.492644891057978 41.58389618587205, 25.197201368925448 41.23448598893053, 26.106138136507127 41.32889883072784, 26.1170418637208 41.82690460872456, 26.60419559093623 41.562114569661105, 26.294602085075667 40.93626129817413, 26.05694217296534 40.82412344010076, 25.44767703624416 40.85254547786144, 24.92584842296094 40.947061672523205, 23.71481123220076 40.687129218095095, 24.40799889496401 40.12499298762407, 23.899967889102584 39.96200552017552, 23.342999301860743 39.96099782974579, 22.813987664488934 40.476005153966526, 22.626298862404724 40.25656118423916, 22.84974775563478 39.659310818025745, 23.35002729665257 39.190011298167235, 22.973099399515547 38.97090322524963, 23.530016310324925 38.51000112563844, 24.025024855248887 38.21999298761642, 24.040011020613576 37.655014553369426, 23.115002882589124 37.920011298162194, 23.409971958111043 37.40999074965737, 22.77497195810861 37.30501007745653, 23.15422529469862 36.422505804992056, 22.490028110451078 36.4100001083774, 21.67002648284364 36.8449864771942, 21.29501061370155 37.64498932550464, 21.120034213961333 38.31032339126273, 20.730032179454554 38.769985256498785, 20.217712029712857 39.34023468683961, 20.15001590341052 39.62499766698397, 20.615000441172754 40.11000682225938, 20.674996779063633 40.43499990494303, 20.999989861747224 40.58000397395398, 21.0200403174764 40.84272695572588, 21.674160597426976 40.931274522457954, 22.05537763844427 41.14986583105269, 22.597308383889015 41.130487168943205, 22.761770000000013 41.30480000000006, 22.952377150166452 41.33799388281115)))",102.0,99.0,87.0,79.0,82.0,"(21.806331544482997, 39.08045726170843)"
16,2854191.0,Europe,Albania,ALB,15279,"POLYGON ((21.0200403174764 40.84272695572588, 20.999989861747224 40.58000397395398, 20.674996779063633 40.43499990494303, 20.615000441172754 40.11000682225938, 20.15001590341052 39.62499766698397, 19.980000441170148 39.69499339452341, 19.960001661873207 39.91500580500605, 19.406081984136733 40.250773423822466, 19.319058872157143 40.72723012955356, 19.40354983895429 41.40956574153546, 19.540027296637106 41.71998607031276, 19.37176883309496 41.877547512370654, 19.37176816334725 41.877550679783496, 19.304486118250793 42.19574514420782, 19.73805138517963 42.68824738216557, 19.801613396898688 42.50009349219084, 20.070700000000045 42.58863000000008, 20.283754510181893 42.32025950781508, 20.522950000000037 42.21787000000006, 20.590246546680227 41.855408919283626, 20.59024743010491 41.855404161133606, 20.463175083099202 41.51508901627534, 20.605181919037364 41.086226304685226, 21.0200403174764 40.84272695572588))",95.0,109.0,109.0,112.0,107.0,"(19.967590031898183, 41.24789602311034)"
17,4067500.0,Europe,Croatia,HRV,60752,"POLYGON ((16.564808383864857 46.50375092221983, 16.8825150895953 46.38063182228444, 17.630066359129557 45.95176911069419, 18.45606245288286 45.75948110613615, 18.829824792873946 45.908872358025285, 19.072768995854176 45.52151113543209, 19.39047570158459 45.236515611342384, 19.005484597557594 44.86023449354299, 18.553214145591653 45.08158966733146, 17.861783481526402 45.067740383477144, 17.002146030351014 45.23377676043094, 16.534939406000206 45.21160757097772, 16.318156772535872 45.00412669532591, 15.959367303133376 45.23377676043094, 15.750026075918981 44.818711656262565, 16.23966027188453 44.35114329688571, 16.456442905348865 44.04123973243128, 16.91615644701733 43.66772247982567, 17.297373488034452 43.44634064388737, 17.674921502358984 43.02856252702361, 18.559999999999945 42.64999999999998, 18.45001688302086 42.47999224531218, 18.450016310304818 42.47999136002932, 17.509970330483327 42.849994615239154, 16.930005730871642 43.20999848080038, 16.015384555737683 43.50721548112722, 15.174453973052096 44.243191229827914, 15.376250441151797 44.31791535092208, 14.92030927904051 44.73848399512946, 14.901602410550879 45.07606028907611, 14.258747592839995 45.23377676043094, 13.952254672917036 44.80212352149687, 13.656975538801191 45.13693512631596, 13.67940311041582 45.48414907488501, 13.715059848697223 45.500323798192376, 14.411968214585414 45.46616567644746, 14.595109490627806 45.634940904312714, 14.935243767972935 45.471695054702685, 15.327674594797429 45.45231639259333, 15.323953891672405 45.73178253842768, 15.671529575267556 45.83415355079788, 15.768732944408553 46.23810822202345, 16.564808383864857 46.50375092221983))",62.0,74.0,77.0,82.0,75.0,"(15.583559315982109, 44.54481364600758)"
18,8574832.0,Europe,Switzerland,CHE,703082,"POLYGON ((9.59422610844635 47.52505809182027, 9.632931756232978 47.34760122332999, 9.479969516649021 47.102809963563374, 9.932448357796659 46.92072805438296, 10.44270145024663 46.89354625099743, 10.363378126678612 46.48357127540986, 9.922836541390382 46.31489940040919, 9.182881707403055 46.44021474871698, 8.966305779667806 46.03693187111119, 8.489952426801324 46.005150865251686, 8.31662967289438 46.16364248309086, 7.7559920589598335 45.82449005795931, 7.2738509456766565 45.776947740250776, 6.843592970414505 45.99114655210061, 6.5000997249704255 46.42967275652944, 6.022609490593538 46.27298981382047, 6.037388950229001 46.725778713561866, 6.768713820023606 47.2877082383037, 6.736571079138059 47.541801255882845, 7.192202182655507 47.44976552997102, 7.466759067422231 47.62058197691181, 8.317301466514095 47.61357982033627, 8.522611932009767 47.83082754169129, 9.59422610844635 47.52505809182027))",1.0,2.0,4.0,5.0,6.0,"(8.28651553630333, 46.80966248227965)"
19,619896.0,Europe,Luxembourg,LUX,71104,"POLYGON ((6.043073357781111 50.128051662794235, 6.242751092156993 49.90222565367873, 6.186320428094177 49.463802802114515, 5.897759230176348 49.44266714130711, 5.674051954784829 49.529483547557504, 5.782417433300907 50.09032786722122, 6.043073357781111 50.128051662794235))",17.0,20.0,18.0,17.0,14.0,"(5.96441251117964, 49.715854600618115)"
20,11484055.0,Europe,Belgium,BEL,533097,"POLYGON ((6.15665815595878 50.80372101501058, 6.043073357781111 50.128051662794235, 5.782417433300907 50.09032786722122, 5.674051954784829 49.529483547557504, 4.799221632515724 49.98537303323637, 4.2860229834250845 49.907496649772554, 3.588184441755658 50.37899241800356, 3.1232515804256877 50.78036326761455, 2.658422071960274 50.796848049515745, 2.5135730322461427 51.14850617126183, 3.3149711442285366 51.345780951536085, 3.3150114849641596 51.34577662473805, 3.3149711442285366 51.34575511331991, 4.047071160507528 51.26725861266857, 4.973991326526914 51.47502370869813, 5.606975945670001 51.03729848896978, 6.15665815595878 50.80372101501058))",19.0,18.0,17.0,16.0,18.0,"(4.73735646239664, 50.579677842809055)"
21,17332850.0,Europe,Netherlands,NLD,907050,"POLYGON ((6.905139601274129 53.48216217713065, 7.092053256873896 53.144043280644894, 6.842869500362383 52.22844025329755, 6.589396599970826 51.852029120483394, 5.988658074577813 51.851615709025054, 6.15665815595878 50.80372101501058, 5.606975945670001 51.03729848896978, 4.973991326526914 51.47502370869813, 4.047071160507528 51.26725861266857, 3.3149711442285366 51.34575511331991, 3.3150114849641596 51.34577662473805, 3.8302885270431375 51.62054454203195, 4.705997348661185 53.091798407597764, 6.074182570020923 53.510403347378144, 6.905139601274129 53.48216217713065))",7.0,7.0,6.0,6.0,5.0,"(5.398113217342898, 52.04023468689047)"
22,10269417.0,Europe,Portugal,PRT,238785,"POLYGON ((-9.034817674180246 41.880570583659676, -8.67194576662672 42.13468943945496, -8.263856980817792 42.28046865495034, -8.013174607769912 41.790886135417125, -7.422512986673795 41.79207469335984, -7.251308966490824 41.91834605566505, -6.6686055159676565 41.883386949219584, -6.389087693700915 41.381815497394655, -6.851126674822552 41.11108266861753, -6.864019944679385 40.33087189387483, -7.026413133156595 40.184524237624245, -7.066591559263529 39.711891587882775, -7.498632371439726 39.62957103124181, -7.098036668313128 39.03007274022379, -7.374092169616318 38.37305858006492, -7.029281175148796 38.07576406508977, -7.166507941099865 37.803894354802225, -7.537105475281024 37.42890432387624, -7.453725551778092 37.09778758396607, -7.855613165711986 36.83826854099627, -8.382816127953689 36.97888011326246, -8.898856980820327 36.86880931248078, -8.746101446965554 37.65134552667661, -8.83999752443988 38.266243394517616, -9.287463751655224 38.3584858261586, -9.526570603869715 38.73742910415491, -9.446988898140233 39.39206614842837, -9.048305223008427 39.75509308527877, -8.977353481471681 40.15930613866581, -8.768684047877102 40.76063894303019, -8.79085323733031 41.18433401139126, -8.99078935386757 41.54345937760364, -9.034817674180246 41.880570583659676))",88.0,94.0,89.0,77.0,66.0,"(-8.367926168946118, 39.51081858983509)"
23,47076781.0,Europe,Spain,ESP,1393490,"POLYGON ((-7.453725551778092 37.09778758396607, -7.537105475281024 37.42890432387624, -7.166507941099865 37.803894354802225, -7.029281175148796 38.07576406508977, -7.374092169616318 38.37305858006492, -7.098036668313128 39.03007274022379, -7.498632371439726 39.62957103124181, -7.066591559263529 39.711891587882775, -7.026413133156595 40.184524237624245, -6.864019944679385 40.33087189387483, -6.851126674822552 41.11108266861753, -6.389087693700915 41.381815497394655, -6.6686055159676565 41.883386949219584, -7.251308966490824 41.91834605566505, -7.422512986673795 41.79207469335984, -8.013174607769912 41.790886135417125, -8.263856980817792 42.28046865495034, -8.67194576662672 42.13468943945496, -9.034817674180246 41.880570583659676, -8.984433152695672 42.59277517350627, -9.392883673530648 43.0266246608127, -7.97818966310831 43.74833771420099, -6.754491746436756 43.567909450853925, -5.411886359061597 43.57423981380968, -4.3478427799557835 43.40344920508504, -3.5175317041060907 43.4559007838613, -1.901351284177764 43.42280202897834, -1.502770961910528 43.03401439063043, 0.3380469091905809 42.57954600683955, 0.7015906103638941 42.795734361332606, 1.8267932470871528 42.34338471126569, 2.9859989762584576 42.47301504166986, 3.0394840836805486 41.892120266276905, 2.0918416683121848 41.226088568683096, 0.8105245296351882 41.01473196060934, 0.7213310074994013 40.678318386389236, 0.1066915218198687 40.12393362076202, -0.278711310212941 39.30997813573272, 0.1112907242938377 38.73851430923304, -0.4671235823491031 38.29236583104115, -0.6833894514905978 37.642353827457825, -1.4383821272748492 37.44306366632422, -2.146452602538119 36.67414419203729, -3.4157808089233868 36.65889964451118, -4.368900926114719 36.677839056946155, -4.995219285492212 36.32470815687964, -5.3771597965614575 35.946850083961465, -5.866432257500904 36.02981659600606, -6.236693894872175 36.367677110330334, -6.520190802425404 36.94291331638732, -7.453725551778092 37.09778758396607))",36.0,37.0,34.0,36.0,30.0,"(-3.5199679433204363, 39.917912604322396)"
24,4941444.0,Europe,Ireland,IRL,388698,"POLYGON ((-6.197884894220991 53.867565009163364, -6.032985398777611 53.15316417094435, -6.788856573910849 52.260117906292336, -8.56161658368356 51.669301255899356, -9.977085740590269 51.82045482035308, -9.166282517930782 52.86462881124268, -9.688524542672454 53.8813626165853, -8.327987433292009 54.66451894796863, -7.572167934591064 55.13162221945487, -7.3660306461787854 54.59584096945272, -7.572167934591064 54.059956366586, -6.953730231138067 54.073702297575636, -6.197884894220991 53.867565009163364))",18.0,19.0,15.0,14.0,16.0,"(-7.806698877467026, 53.510364590053854)"
25,60297396.0,Europe,Italy,ITA,2003576,"MULTIPOLYGON (((10.44270145024663 46.89354625099743, 11.048555942436536 46.75135854754634, 11.16482791509327 46.94157949481273, 12.153088006243054 47.11539317482645, 12.376485223040817 46.76755910906985, 13.806475457421527 46.509306138691215, 13.698109978905478 46.01677806251735, 13.937630242578308 45.59101593686462, 13.141606479554296 45.73669179949542, 12.32858117030625 45.381778062514826, 12.383874952858548 44.885374253919096, 12.261453484759102 44.600482082693986, 12.589237094786455 44.09136587175446, 13.526905958722494 43.587727362637864, 14.029820997787029 42.761007798832466, 15.142569614327925 41.95513967545685, 15.926191033601896 41.961315009115715, 16.169897088290384 41.74029490820339, 15.889345737377797 41.541082261718216, 16.785001661860548 41.17960561783656, 17.51916873543118 40.87714345963222, 18.37668745288252 40.35562490494263, 18.48024702319543 40.16886627863981, 18.293385044028042 39.810774441073264, 17.738380161213314 40.277671006830346, 16.869595981522338 40.44223460546381, 16.448743116937322 39.79540070246644, 17.17148969897147 39.42469981542068, 17.052840610429314 38.90287120213735, 16.635088331781816 38.843572496082416, 16.100960727613 37.9858987493342, 15.684086948314473 37.908849188787016, 15.687962680736348 38.21459280044188, 15.89198123542468 38.75094249119924, 16.109332309644287 38.9645470240777, 15.718813510814613 39.54407237401492, 15.413612501698793 40.048356838535156, 14.99849572109818 40.17294871679087, 14.703268263414714 40.604550279292596, 14.060671827865264 40.7863479680954, 13.627985060285397 41.1882872584616, 12.888081902730365 41.253089504555604, 12.106682570044939 41.70453481705741, 11.191906365614216 42.3554253199897, 10.51194786951774 42.93146251074721, 10.200028924203991 43.9200068222746, 9.702488234097842 44.03627879493132, 8.88894616052687 44.36633616797951, 8.428560825238577 44.23122813575242, 7.8507666357831445 43.76714793555524, 7.435184767291872 43.69384491634922, 7.549596388386107 44.12790110938481, 7.007562290076635 44.25476675066136, 6.749955275101655 45.02851797136758, 7.096652459347837 45.33309886329589, 6.802355177445605 45.70857982032864, 6.843592970414505 45.99114655210061, 7.2738509456766565 45.776947740250776, 7.7559920589598335 45.82449005795931, 8.31662967289438 46.16364248309086, 8.489952426801324 46.005150865251686, 8.966305779667806 46.03693187111119, 9.182881707403055 46.44021474871698, 9.922836541390382 46.31489940040919, 10.363378126678612 46.48357127540986, 10.44270145024663 46.89354625099743)), ((14.761249220446189 38.14387360285046, 15.520376010813806 38.23115509699143, 15.160242954171736 37.44404551853776, 15.309897902089006 37.13421946873183, 15.099988234119422 36.6199872909954, 14.335228712631988 36.996630967754726, 13.826732618879959 37.10453135838016, 12.431003859108756 37.61294993748375, 12.570943637755136 38.12638113051966, 13.741156447004613 38.03496552179533, 14.761249220446189 38.14387360285046)), ((8.709990675500109 40.899984442705225, 9.210011834356266 41.209991360024176, 9.80997521326492 40.50000885676613, 9.669518670295616 39.17737641047178, 9.214817742559433 39.24047333430015, 8.806935662479674 38.906617743478506, 8.428302443077115 39.17184703221655, 8.388253208050912 40.37831085871876, 8.159998406617689 40.95000722916376, 8.709990675500109 40.899984442705225)))",50.0,50.0,48.0,47.0,36.0,"(12.631183369107305, 42.55821655941108)"
26,5818553.0,Europe,Denmark,DNK,350104,"MULTIPOLYGON (((9.921906365609118 54.98310415304803, 9.282048780971138 54.830865383516176, 8.526229282270208 54.96274363872516, 8.120310906617533 55.5177226833236, 8.08997684086222 56.54001170513759, 8.256581658571207 56.80996938743033, 8.543437534223415 57.11000275331695, 9.424469028367554 57.1720661484995, 9.775558709358535 57.44794078228966, 10.580005730846125 57.73001658795485, 10.546105991262664 57.21573273378612, 10.250000034230226 56.89001618105044, 10.369992710011957 56.60998159446079, 10.912181837618306 56.458621324277885, 10.667803989310016 56.08138336854721, 10.369992710011957 56.19000722922473, 9.649984978889279 55.469999498102055, 9.921906365609118 54.98310415304803)), ((12.370904168353292 56.111407375708794, 12.690006137755603 55.60999095318074, 12.089991082414684 54.80001455343792, 11.043543328504226 55.36486379660424, 10.903913608451603 55.77995473898872, 12.370904168353292 56.111407375708794)))",3.0,1.0,2.0,3.0,2.0,"(9.460776896117707, 56.32431427675131)"
27,66834405.0,Europe,United Kingdom,GBR,2829108,"MULTIPOLYGON (((-6.197884894220991 53.867565009163364, -6.953730231138067 54.073702297575636, -7.572167934591064 54.059956366586, -7.3660306461787854 54.59584096945272, -7.572167934591064 55.13162221945487, -6.733847011736145 55.17286001242378, -5.661948614921968 54.55460317648381, -6.197884894220991 53.867565009163364)), ((-3.093830673788716 53.404547400669685, -3.0920796370471066 53.40444082296358, -2.945008510744344 53.98499970154671, -3.614700825433033 54.600936773292574, -3.6300054589893307 54.615012925833014, -4.8441690739030605 54.790971177786844, -5.0825266178492825 55.06160065369937, -4.7191121077567 55.50847260194348, -5.047980922862109 55.78398550070756, -5.586397670911197 55.31114614523682, -5.644998745130238 56.27501496034483, -6.1499808414864106 56.785009670633485, -5.786824713555291 57.81884837506465, -5.009998745127632 58.63001333275008, -4.211494513353557 58.55084503847911, -3.0050048486352807 58.63500010846633, -4.073828497728073 57.55302480735526, -3.0550017968777183 57.69001902936094, -1.9592805647769183 57.68479970969952, -2.219988165689358 56.87001740175356, -3.1190030582711756 55.973793036515474, -2.085009324543023 55.9099984808513, -2.005675679673857 55.804902850350175, -1.11499101399221 54.624986477265395, -0.4304849918542004 54.46437612570219, 0.1849813167420393 53.32501414653103, 0.469976840831805 52.929999498092, 1.6815307959146821 52.739520168664, 1.5599878271643206 52.09999848083601, 1.0505615576309424 51.806760565795685, 1.4498653499502439 51.28942780212191, 0.5503336930455021 50.765738837275876, -0.7875174625586965 50.77498891865622, -2.4899975244144343 50.50001862243124, -2.956273972984093 50.696879991247044, -3.617448085942385 50.22835561787275, -4.542507900399244 50.341837063185665, -5.245023159191135 49.95999990498109, -5.776566941745273 50.15967763935686, -4.309989793301895 51.21000112568919, -3.414850633142123 51.42600861266925, -3.4227194671083794 51.42684816740609, -4.9843672347109305 51.593466091511004, -5.267295701508942 51.991400458374585, -4.222346564134909 52.301355699261364, -4.77001339356417 52.840004991255626, -4.579999152026971 53.49500377055517, -3.093830673788716 53.404547400669685)))",21.0,23.0,19.0,11.0,15.0,"(-1.753312127795028, 54.22468791362445)"
28,361313.0,Europe,Iceland,ISL,24188,"POLYGON ((-14.508695441129234 66.45589223903143, -14.739637417041607 65.8087482774403, -13.60973222497981 65.12667104761987, -14.909833746794902 64.36408193628868, -17.794438035543422 63.678749091233854, -18.656245896874992 63.49638296167582, -19.97275468594276 63.64363495549153, -22.762971971110158 63.960178941495386, -21.778484259517683 64.40211579045551, -23.95504391121911 64.8911298692335, -22.184402635170358 65.0849681667603, -22.227423265053332 65.37859365504274, -24.326184047939336 65.61118927678847, -23.65051469572309 66.26251902939522, -22.134922451250887 66.41046865504687, -20.57628373867955 65.73211212835143, -19.05684160000159 66.27660085719477, -17.79862382655905 65.99385325790978, -16.167818976292125 66.52679230413587, -14.508695441129234 66.45589223903143))",2.0,3.0,3.0,4.0,4.0,"(-18.45789276678292, 64.9880490179969)"
29,2087946.0,Europe,Slovenia,SVN,54174,"POLYGON ((13.806475457421527 46.509306138691215, 14.63247155117483 46.43181732846955, 15.137091912504985 46.65870270444703, 16.011663852612656 46.6836107448117, 16.202298211337364 46.85238597267696, 16.370504998447416 46.841327216166505, 16.564808383864857 46.50375092221983, 15.768732944408553 46.23810822202345, 15.671529575267556 45.83415355079788, 15.323953891672405 45.73178253842768, 15.327674594797429 45.45231639259333, 14.935243767972935 45.471695054702685, 14.595109490627806 45.634940904312714, 14.411968214585414 45.46616567644746, 13.715059848697223 45.500323798192376, 13.937630242578308 45.59101593686462, 13.698109978905478 46.01677806251735, 13.806475457421527 46.509306138691215))",55.0,63.0,62.0,51.0,44.0,"(14.732281029695073, 46.1274431422704)"
30,5520314.0,Europe,Finland,FIN,269296,"POLYGON ((28.591929559043194 69.06477692328666, 28.445943637818658 68.36461294216404, 29.97742638522061 67.69829702419275, 29.054588657352326 66.94428620062206, 30.217650000000003 65.80598, 29.54442955904699 64.94867157659048, 30.44468468600371 64.20445343693909, 30.035872430142717 63.55281362573855, 31.516092156711125 62.86768748641289, 31.139991082490894 62.35769277612441, 30.21110721204445 61.780027777749694, 28.07000000000005 60.503520000000094, 28.070001921525666 60.50351912796823, 28.069997592895277 60.50351654727584, 26.255172967236973 60.4239606797625, 24.496623976344523 60.05731639265166, 22.869694858499457 59.846373196036225, 22.290763787533592 60.39192129174154, 21.322244093519316 60.720169989659524, 21.544866163832694 61.70532949487179, 21.05921105315369 62.60739329695874, 21.536029493910803 63.18973501245587, 22.442744174903993 63.81781037053129, 24.730511508897536 64.90234365504084, 25.398067661243942 65.11142650009374, 25.294043003040404 65.53434642197045, 23.903378533633802 66.00692739527962, 23.565879754335583 66.39605093043743, 23.53947309743444 67.93600861273525, 21.978534783626117 68.6168456081807, 20.645592889089528 69.10624726020087, 21.244936150810673 69.37044302029308, 22.356237827247412 68.84174144151491, 23.66204959483076 68.89124746365054, 24.735679152126725 68.64955678982146, 25.689212680776365 69.09211375596904, 26.179622023226244 69.82529897732614, 27.732292107867863 70.16419302029625, 29.015572950971972 69.76649119737799, 28.591929559043194 69.06477692328666))",6.0,5.0,5.0,1.0,1.0,"(27.373290049843988, 65.03004903834211)"
31,5454073.0,Europe,Slovakia,SVK,105079,"POLYGON ((22.558137648211755 49.085738023467144, 22.28084191253356 48.82539215758067, 22.085608351334855 48.42226430927179, 21.872236362401736 48.31997081155002, 20.801293979584926 48.623854071642384, 20.473562045989866 48.562850043321816, 20.239054396249347 48.32756724709692, 19.769470656013112 48.202691148463614, 19.661363559658497 48.26661489520866, 19.17436486173989 48.11137889260387, 18.77702477384767 48.081768296900634, 18.696512892336926 47.880953681014404, 17.857132602620027 47.75842886005037, 17.48847293464982 47.867466132186216, 16.979666782304037 48.123497015976305, 16.879982944413 48.47001333270947, 16.960288120194576 48.5969823268506, 17.101984897538898 48.816968899117114, 17.545006951577108 48.80001902932537, 17.88648481616181 48.90347524677371, 17.913511590250465 48.996492824899086, 18.104972771891852 49.04398346617531, 18.170498488037964 49.271514797556435, 18.399993523846177 49.31500051533004, 18.554971144289482 49.495015367218784, 18.853144158613617 49.49622976337764, 18.90957482267632 49.435845852244576, 19.320712517990472 49.571574001659194, 19.825022820726872 49.21712535256923, 20.415839471119853 49.43145335549977, 20.887955356538413 49.32877228453583, 21.607808058364213 49.47010732685409, 22.558137648211755 49.085738023467144))",45.0,45.0,40.0,39.0,38.0,"(19.630113820701496, 48.71193655048388)"
32,10669709.0,Europe,Czechia,CZE,250680,"POLYGON ((15.01699588385867 51.10667409932158, 15.490972120839729 50.78472992614321, 16.23862674323857 50.69773265237984, 16.176253289462267 50.42260732685791, 16.719475945714436 50.21574656839354, 16.86876915860566 50.47397370055603, 17.55456709155112 50.36214590107642, 17.64944502123899 50.049038397819956, 18.392913852622172 49.98862864847075, 18.853144158613617 49.49622976337764, 18.554971144289482 49.495015367218784, 18.399993523846177 49.31500051533004, 18.170498488037964 49.271514797556435, 18.104972771891852 49.04398346617531, 17.913511590250465 48.996492824899086, 17.88648481616181 48.90347524677371, 17.545006951577108 48.80001902932537, 17.101984897538898 48.816968899117114, 16.960288120194576 48.5969823268506, 16.499282667718774 48.78580801044511, 16.02964725105022 48.73389903420793, 15.253415561593982 49.03907420510758, 14.901447381254057 48.964401760445824, 14.338897739324722 48.55530528420721, 13.595945672264437 48.87717194273715, 13.031328973043431 49.30706818297324, 12.521024204161193 49.547415269562734, 12.415190870827445 49.96912079528057, 12.240111118222558 50.266337795607285, 12.966836785543194 50.484076443069085, 13.338131951560285 50.73323436136435, 14.056227654688172 50.9269176295943, 14.307013380600637 51.117267767941414, 14.570718214586066 51.002339382524276, 15.01699588385867 51.10667409932158))",31.0,27.0,23.0,21.0,20.0,"(15.538166236147262, 49.758268032421654)"
33,3301000.0,Europe,Bosnia and Herz.,BIH,20164,"POLYGON ((18.559999999999945 42.64999999999998, 17.674921502358984 43.02856252702361, 17.297373488034452 43.44634064388737, 16.91615644701733 43.66772247982567, 16.456442905348865 44.04123973243128, 16.23966027188453 44.35114329688571, 15.750026075918981 44.818711656262565, 15.959367303133376 45.23377676043094, 16.318156772535872 45.00412669532591, 16.534939406000206 45.21160757097772, 17.002146030351014 45.23377676043094, 17.861783481526402 45.067740383477144, 18.553214145591653 45.08158966733146, 19.005484597557594 44.86023449354299, 19.00548000000009 44.86023, 19.36802999999992 44.863000000000056, 19.11761000000007 44.42307000000011, 19.59976000000006 44.03846999999996, 19.454000000000065 43.56810000000013, 19.218519999999955 43.52384000000001, 19.03165000000007 43.432529999999986, 18.706480000000056 43.200109999999995, 18.559999999999945 42.64999999999998))",96.0,87.0,90.0,93.0,78.0,"(18.115159909331382, 43.853096239912816)"
34,2083459.0,Europe,North Macedonia,MKD,12547,"POLYGON ((22.380525750424592 42.32025950781509, 22.881373732197346 41.999297186850356, 22.952377150166452 41.33799388281115, 22.761770000000013 41.30480000000006, 22.597308383889015 41.130487168943205, 22.05537763844427 41.14986583105269, 21.674160597426976 40.931274522457954, 21.0200403174764 40.84272695572588, 20.605181919037364 41.086226304685226, 20.463175083099202 41.51508901627534, 20.59024743010491 41.855404161133606, 20.590246546680227 41.855408919283626, 20.71731000000011 41.84711000000004, 20.762159999999994 42.05186000000003, 21.35270000000014 42.20679999999999, 21.57663598940212 42.24522439706186, 21.917080000000112 42.30363999999997, 22.380525750424592 42.32025950781509))",93.0,95.0,92.0,89.0,84.0,"(21.720350512244032, 41.68109950813769)"
35,6944975.0,Europe,Serbia,SRB,51475,"POLYGON ((18.829824792873946 45.908872358025285, 18.82983808764996 45.90887767189193, 19.596044549241583 46.17172984474454, 20.220192498462836 46.127468980486555, 20.762174920339987 45.734573065771485, 20.874312778413355 45.416375433934235, 21.48352623870221 45.18117015235788, 21.56202273935361 44.7689472519655, 22.14508792490281 44.47842234962059, 22.459022251075936 44.7025171982543, 22.705725538837356 44.57800283464702, 22.4740084164406 44.40922760678177, 22.65714969248299 44.23492300066128, 22.410446404721597 44.008063462899955, 22.500156691180223 43.642814439461006, 22.986018507588483 43.2111612005271, 22.60480146657133 42.898518785161144, 22.43659467946128 42.580321153323936, 22.54501183440962 42.46136200618804, 22.380525750424592 42.32025950781509, 21.917080000000112 42.30363999999997, 21.57663598940212 42.24522439706186, 21.54332000000005 42.3202500000001, 21.662920000000042 42.439220000000034, 21.77505000000002 42.68270000000001, 21.633020000000045 42.67717000000005, 21.43865999999997 42.86254999999994, 21.27421000000004 42.909590000000094, 21.143395000000055 43.06868500000013, 20.95650999999998 43.13094000000007, 20.814480000000003 43.27205000000009, 20.63507999999996 43.21670999999998, 20.496790000000033 42.884690000000035, 20.257580000000075 42.81275000000011, 20.339800000000082 42.89852000000002, 19.958570000000066 43.106040000000064, 19.629999999999995 43.21377997027054, 19.483889999999974 43.35229000000004, 19.218519999999955 43.52384000000001, 19.454000000000065 43.56810000000013, 19.59976000000006 44.03846999999996, 19.11761000000007 44.42307000000011, 19.36802999999992 44.863000000000056, 19.00548000000009 44.86023, 19.005484597557594 44.86023449354299, 19.39047570158459 45.236515611342384, 19.072768995854176 45.52151113543209, 18.829824792873946 45.908872358025285))",87.0,86.0,73.0,78.0,70.0,"(21.01347524303938, 44.13669650033062)"
36,622137.0,Europe,Montenegro,MNE,5542,"POLYGON ((20.070700000000045 42.58863000000008, 19.801613396898688 42.50009349219084, 19.73805138517963 42.68824738216557, 19.304486118250793 42.19574514420782, 19.37176816334725 41.877550679783496, 19.162459999999953 41.95502000000005, 18.88214000000005 42.281510000000026, 18.45001688302086 42.47999224531218, 18.559999999999945 42.64999999999998, 18.706480000000056 43.200109999999995, 19.03165000000007 43.432529999999986, 19.218519999999955 43.52384000000001, 19.483889999999974 43.35229000000004, 19.629999999999995 43.21377997027054, 19.958570000000066 43.106040000000064, 20.339800000000082 42.89852000000002, 20.257580000000075 42.81275000000011, 20.070700000000045 42.58863000000008))",82.0,88.0,83.0,81.0,73.0,"(19.39621631008616, 42.75049869108284)"
37,1794248.0,Europe,Kosovo,KOS,7926,"POLYGON ((20.590246546680227 41.855408919283626, 20.522950000000037 42.21787000000006, 20.283754510181893 42.32025950781508, 20.070700000000045 42.58863000000008, 20.257580000000075 42.81275000000011, 20.496790000000033 42.884690000000035, 20.63507999999996 43.21670999999998, 20.814480000000003 43.27205000000009, 20.95650999999998 43.13094000000007, 21.143395000000055 43.06868500000013, 21.27421000000004 42.909590000000094, 21.43865999999997 42.86254999999994, 21.633020000000045 42.67717000000005, 21.77505000000002 42.68270000000001, 21.662920000000042 42.439220000000034, 21.54332000000005 42.3202500000001, 21.57663598940212 42.24522439706186, 21.35270000000014 42.20679999999999, 20.762159999999994 42.05186000000003, 20.71731000000011 41.84711000000004, 20.590246546680227 41.855408919283626))",69.0,77.0,78.0,66.0,46.0,"(20.9136654490897, 42.51392500000006)"
